listing_id,id,date,reviewer_id,reviewer_name,comments
1489424,7208791,2013-09-10,5817914,Hilary,Efrat and Dan were very welcoming and accommodating because we weren't sure what time we were getting there ! I would definitely recommend staying there
1489424,8001939,2013-10-12,4786919,Sharon,"As advertised, a very comfy bed. Restful room, pleasant hosts. This was a perfect stopover for passing through the Albany area."
1489424,8123022,2013-10-16,4786919,Sharon,"Glad to be back for a second time in my cozy room, comfy bed, personable and friendly hosts. It was great to have that coffee made for me in the morning before I was off again. "
1489424,8279957,2013-10-23,8362214,Andrej,"We stayed only for a night, so can not tell much about the area. Upon our quite late arrival, the family was still up and were busy with home beer preparation. It seemed that own business took all their attention, so we kind of felt on our own. Basement where we stayed was spacious, but quite messy, all things spread around, especially in the adjacent rooms. The room itself and the shower was ok; one can stay overnight there."
1489424,8303182,2013-10-24,9458270,Andreia,I had a pleasant stay here. The bed was indeed very comfortable (I wish I could have one like that at home). Efrat and her husband went above and beyond my expectations. Very grateful!
1489424,8342905,2013-10-26,2220644,J Mase,"I was in town to do some work at U Albany. Not only was this an amazingly friendly place to stay, the house is about 7 minutes driving to the university! I would definitely recommend staying here and most certainly will stay here if I am in town again! Clean space and Efrat is a very warm person and even invited my colleagues in for a quick chat before we headed out on the town!
<br/>
<br/>"
1489424,8741259,2013-11-15,261805,Tony,Efrat and Dan are very good hosts. We had some great conversations. Dan makes great beer! I'm looking forward to staying with them again.
1489424,8856844,2013-11-22,261805,Tony,"Efrat and Dan are a warm, welcoming and interesting couple. We sat around the kitchen table and shared some wine over conversation. Also enjoyed some excellent Mideastern snacks. The room is very comfortable and quiet and the bathroom is right outside the room. I am looking forward to staying with them again."
1489424,9092493,2013-12-06,4708179,Reinoud,"I have stayed at Efrat en Dan's for one night as part of a 'mini road trip' in the NE. It was great - they were welcoming, open, easy-going hosts, the room was comfortable, clean and tidy.
<br/>
<br/>I absolutely recommend staying there - next time I will!"
1489424,9216969,2013-12-14,5584819,Tyler,"Exactly as advertised.
<br/>Very friendly and good conversation.
<br/>Would stay again.
<br/>Would recommend to friends."
1489424,9295410,2013-12-19,9735767,Mauro,We had a very pleasant stay at Efrat and Dan's home. They were very welcoming and helpfull. Everything about the room/place was like advertised. Definetely would stay again next time.
1489424,9313952,2013-12-20,287311,Suzanne,Efrat and Dan were friendly and personable. We enjoyed talking with them very much. Their place was conveniently located and pleasant. 
1489424,9322463,2013-12-21,7937658,Amanda,"Efrat and Dan are super nice and helpful. Even gave me directions to get back to philly :)
<br/>awesome stay."
1489424,9992142,2014-01-23,9563593,Karen,"Efrat and Dan were incredibly welcoming and generous with their home and hospitality.  As a new nurse just getting used to my schedule in the ""big city"" it was a relief to have such a kind and friendly home in which to stay after a long shift.  I would definitely stay with them again if ever the need arose!"
1489424,10208831,2014-02-06,5539491,Robert,"Very welcoming, comfortable, and quiet! Thanks Efrat and Dan. "
1489424,10601310,2014-02-27,6856108,Nick,"Very nice and accommodating host! 
<br/>
<br/>I enjoyed the conversations and hope to come back again for a pleasure visit. "
1489424,12142193,2014-04-23,9274085,Brian,"Had a lovely stay at Efrat's house. Extremely comfortable bed, shower and talks with guests etc. We crashed pretty early at night and  left early. Had an enjoyable time. Very friendly and helpful in offering suggestions. Would certainly stay there again. Regards Brian & Alison."
1489424,13321293,2014-05-25,15147796,David,Our stay with with Efrat and Dan was great.  They were very nice and we had interesting conversations.  The location of their house is perfect because it's in a quiet residential neighborhood.  The room was comfortable as advertised.  I would recommend this room to anybody who needs a place to stay in the Albany area. 
1489424,13419190,2014-05-27,3859163,Bill,"Had a good night's sleep! When in Albany this is the place to stay. Very comfy bed, quiet neighborhood, great location (15 min to the airport). Communication and checkin were easy. You'll enjoy your stay!"
1489424,13662781,2014-06-02,13602789,Anthony,"The hosts were welcoming and pleasant. The neighborhood was residential, quiet (the house is on a dead end street."
1489424,13937014,2014-06-08,632548,Rachel,"Had a lovely stay with Efrat. They were very accommodating with my late arrival time, and everything in the room was comfortable and convenient. "
1489424,14204916,2014-06-14,7197342,Vicky,"We had a great stay - very comfortable bed and great, welcoming hosts!"
1489424,14331970,2014-06-16,1249144,Shelley,"Efrat and Dan were wonderful hosts!  They have a very warm home and were extremely welcoming.
<br/>They were very flexible in working with me on the reservation and coordinating their schedule with me.
<br/>It was an absolute pleasure and I recommend them to anyone."
1489424,14526237,2014-06-21,10611265,Veronica,"Welcome hosts, the neighborghood is nice and peaceful, I took a very good rest in there."
1489424,14564623,2014-06-22,3054047,Arianne,"Efrat, Dan and their daughters are delightful. The room is exactly as described: a room with a comfortable bed. I slept like a rock. They are very welcoming, and let you interact as much or little as you'd like, and have many book recommendations if you are so interested. Good people. "
1489424,14667358,2014-06-23,3964461,Gigi,"our hosts were very hospitable and kind.  the neighborhood was very peaceful and quiet, the bed comfortable; all conducive to getting a good night's rest!"
1489424,16506906,2014-07-28,15665720,Lenora,"This is a very pleasant room with a comfortable bed and is in a suburban neighborhood, so it is very quiet and I slept well. Efrat and Dan were great hosts, offering me tea and some really delicious Turkish coffee. It was also very convenient to where I had to go in Albany (about a ten minute drive). I would recommend it to anyone traveling in the Albany area."
1489424,16728204,2014-08-01,16432550,David,"Great experience. Levy was a great host, the room was the perfect size and its only a 10 minute walk from buses that take you into the heart of downtown Albany. They even have their own home-brewed beer! Neighborhood is a sleepy one near the SUNY campus, good for long walks or a job if you were prefer. "
1489424,17191256,2014-08-08,17024165,Giorgio,Efrat and Dan were very nice and generous. Our stay was only for a night but it was very goog and intersting.
1489424,18035206,2014-08-20,6570233,Petko,"Efrat and Dan were extremely welcoming and beyond finding an excellent accommodation, we found two new friends in town. Highly recommending to stay with them."
1489424,18180444,2014-08-23,17956894,Helen,Dan welcomed us and drove us to a nearby diner for tea then spent time taking us to a shop to get supplies. Very pleasant and likeable gentleman. We saw less of Efrat but she was pleasant and welcoming too. The bed was comfy and we slept well. The room was adequate for our needs and the hosts were helpful. Very much a family home but we didn't mind that at all. It would be nice to have a small lock on the bathroom door just for a sense  of privacy... But not a big deal . Lovely couple . Enjoyed our stay very much . Thanks . X <br/>
1489424,18448279,2014-08-26,2500569,Ruth,"Efrat and Dan were incredibly welcoming and kind. They have a laid back home where you can jump right in on life. The neighborhood is quiet and friendly. It was very convenient to access the major roadways. Washington park and the Hudson river were a short drive away which made for fun exploring with lovely walkways and bike paths. 
<br/>Overall I would highly recommend staying with Efrat and Dan for a chill and homey experience."
1489424,19140975,2014-09-07,19539175,Derrick,"The hosts were very welcoming and accommodating. I only stayed for a night but they allowed me to leave the next day around 6PM due to a test I was taking during the afternoon. Comfortable bed and desk chair, clean bathroom, and AC! Definitely recommend."
1489424,19391905,2014-09-11,8536694,Charles,Efrat & Dan were both very welcoming. We only stayed a night but we had a pleasant stay. The bed was comfortable and the house was very homey. Would recommend!
1489424,20064277,2014-09-22,8943495,David,"Had a very nice stay with Efrat and Dan this weekend. 
<br/>They were warm and friendly and made me feel welcome in their house.
<br/>The house is on a dead end street so not a lot of city noise and is not far from the colleges. The space was exactly what I was looking for. 
<br/>Thank you for the hospitality and I hope you have space available next time I visit Albany.
<br/>Thank you
<br/>David"
1489424,20582869,2014-10-01,17596350,Christian,"I had a really nice stay at Efrat and Dan's place. They were very kind, showed me around and even let me test their homebrewed beer. We hade some very interesting talks and I felt quiet welcome. Thanks again!"
1489424,21410226,2014-10-16,22504962,Tushar,"Great accommodation. Family like home.
<br/>Thanks for the ride in the evening to the super market."
1489424,21828241,2014-10-25,10715600,Deb,Efrat was warm and welcoming and the bed was as advertised and very comfortable.  My only complaint is that the last significant noise was very late and the first very early in the morning - but I am a light sleeper. The location was perfect - close to the university and a quiet street.
1489424,22380541,2014-11-04,1178161,Dr Daniel Joseph,Wonderful restful night. Thank you!
1489424,22687571,2014-11-11,21889518,Herman,Great place to stay. Comforting environment and great hospitality.
1489424,22969969,2014-11-18,23340554,Kate,They were great..very friendly and welcoming. Great hosts!
1489424,22984781,2014-11-19,17443070,Ben,"I had a great stay at Efrat and Dan's place! They were very friendly and I enjoyed conversing with them.
<br/>The room was comfortable and clean and had everything I needed.
<br/>The location is great, in a nice neighborhood of Albany and only a short drive into Downtown.
<br/>I would recommend staying with Efrat and Dan if you're visiting Albany."
1489424,23564350,2014-12-04,24378805,David,This was my first experience with airbnb and Efrat and Dan made my first experience a pleasure. They were excellent hosts. Everything was straight forward from my first contact. And they even arranged for me to use a different room at a lower cost. The two of them were also very welcoming and fun to chat with.
1489424,23706451,2014-12-08,19704103,Liz,"Efrat and Dan were instantly welcoming.  They were very friendly, and also respectful of me studying and having an early night.  This was my first Airbnb experience, and it was great.  Room was as described, nice neighborhood, met all of my needs.  Would definitely return!  Thanks Efrat and Dan for letting me stay in your home."
1489424,25236507,2015-01-10,19527660,David,Efrat was a great host. He was polite and provided me we clean towels. I would definitely stay again.
1489424,25442757,2015-01-16,25170644,Pierre,"Efrat and Dan were very hospitable. They have great stories so talk to them! The place is a little bit far from where I needed to go during the days since I don't have a car, and they helped me get around as much as they can. If you are driving here to stay, then there would not be a problem. The bed was comfy and bathroom was clean, just as shown on the pictures. Overall the stay was great."
1489424,25717376,2015-01-24,8025506,CiCi,"Efrat and Dan are very accommodating, the room is clean, cozy and warm, and the bed is very comfortable. I also like the quiet and safe neighborhood, it's a great experience to stay here. "
1489424,25894036,2015-01-28,22400868,Tanya,"I had an interview at albany medical center and Efrat was very kind to me. she picked me up from the medical center when it was snowing heavily. the room is clean, comfortable and quiet. her family is very nice and hospitable. "
1489424,26161006,2015-02-05,4018379,Dwight,I was very welcomed during my stay and enjoyed a good night's rest. The location was especially convenient in Albany. Everything worked well.
1489424,26248375,2015-02-08,25071514,Melissa,"Efrat and Dan were very gracious hosts. They were very welcoming, and I felt at home during my stay. I had a wonderful stay in Albany with them. "
1489424,26665499,2015-02-16,19704103,Liz,"My second time staying in Efrat's home.  Warm, comfortable and cozy on one of the coldest nights of the decade!"
1489424,26769484,2015-02-18,21723529,Ross,"House is warm and cozy.  Pictures are accurate.  Very warm reception, especially considering it was only 7 degrees out that night.  Very quite and easy for me to focus on work.  I recommend the place."
1489424,27127687,2015-02-26,25818248,Maria,We were very pleased when our host provided us with transportation from the bus station to his house! Accommodation was good and they made us feel comfortable! They are nice quiet family who respects guests fully! The made us fell very welcome!
1489424,27417792,2015-03-03,28345668,Charlotte,We stayed for one night with Efrat and her lovely family and it was a real pleasure! It was our first time airbnb and we felt so welcome and comfortable there. The bed is perfect for two people and very comfortable. We would highly recommend it if you're planning to stay in Albany! 
1489424,27814987,2015-03-12,28517518,Daniel,Great place to stay. Location is is great (about an $8 cab ride to downtown). And the company is even better. I would definitely go back there again.
1489424,28894915,2015-03-31,29027759,Walker,Efrat and Dan were very friendly and accommodating. We felt welcome and at home there and slept well. Thank you. 
1489424,29883568,2015-04-13,30647451,Heather,"I was in town to apartment hunt and had had a pretty exhausting journey to Albany. Efrat was very friendly and accommodating. She warned the bed tended to make people sleep in because of how comfortable it is-- she's not lying! The house is very convenient to Western Ave,  which has access to a major bus line that can take you all the way to the train station. I highly recommend and would be happy to stay again. "
1489424,32662645,2015-05-19,33465111,Michael,This was a very enjoyable stay with an extremely polite family. I slept well and appreciated the conversation that Efrat and Dan had with me. I would recommend them to everyone and am grateful that they were the first people to meet through the Airbnb app.
1489424,34608310,2015-06-09,35102666,Max,"I had a great stay, Dan was very welcoming. The bed was comfortable and everything was very clean. I also received a towel, which you don't get everywhere. It was a great experience and I would stay again."
1489424,35898649,2015-06-22,35135919,Kristen,"I booked a night at Efrat's and Dan's home in Albany extremely last minute after camping plans in Niagara Falls fell through, and they were extremely kind, helpful and accommodating! <br/>Their home is comfortable and very welcoming. Efrat and Dan were both a joy to talk to, even offering me dinner with them and some of Dan's own home brewed beer! <br/>Staying here was a pleasure and I would absolutely recommend it!"
1489424,38385131,2015-07-15,32440508,Perry & Dina,"Dan and Efrat provided a very warm and welcoming home for 3 weeks. They were very friendly, accommodating, and suggested many places to go to in Albany. As for the room, it was very spacious with really comfy bed! Definitely a great place to stay! Would definitely recommend it :) "
1489424,40330832,2015-07-30,34943038,Jacob,"Efrat and Dan were very gracious hosts and I very much enjoyed my stay. The bed was as comfy as advertised, the neighborhood lovely and peaceful, and all in all it was a great way to wind down after a long day of test taking in downtown Albany. Getting a room with Dan and Efrat was definitely the right decision -- far better than staying at some overpriced hotel downtown -- and I would recommend it to anyone in visiting the Albany area. I  regret only that I didn't have a bit more time to spend with my hosts. "
1489424,41025589,2015-08-03,39654827,Yinnan,"Nice location with good neighborhood. The room is quiet and comfortable as described. Efrat and Dan are very considerate and welcoming, and leave you privacy too. "
1489424,41660057,2015-08-08,16510872,Dale,"everything it was advertised to be ... Incredibly welcoming, very easy going, awesomely pleasant.
<br/>Much more helpful recommending sites and routes than I had a right to expect.
<br/>Genuinely good people 
<br/>Would certainly stay there again if I was in the area "
1489424,41905367,2015-08-09,5748688,Adel,Nice host <br/>The place is really nice and the neighbor safe<br/>Close to restaurant and movie theather by car 
1489424,42034798,2015-08-10,894712,Allison,Staying at Dan and Efrat's was super convenient for us! Thanks for the easy stay on our road trip!
1489424,42752918,2015-08-15,38413701,Xiaofeng,I feel very good. Efrat and her husband are very nice . It is convience for me to go SUNY.
1489424,44308553,2015-08-25,35641152,Hamad,"Efrat & Dan are great hosts and very hospitable. I have stayed with them for 9 nights while I was apartment-hunting in the area. They definitely made my move from the middle east very easy by directing me around and making me feel like home. 
<br/>The room is very clean, spacious and the bed is SUPER comfortable! It is not an exaggeration! All amenities were available as listed. 
<br/>
<br/>They took me out for dinner once, to a grocery store and helped me move all of my luggage to the apartment I found. Not all Airbnb hosts would offer such extra help. 
<br/>
<br/>More than just a place to sleep, a cultural experience and friendship if you seek for it. Definitely worth your money. Has my recommendation. "
1489424,44540687,2015-08-27,14890411,Jolein,"Efrat and Dan are very kind people. I had send both a textmessage when I arrived at Collins Circle and eventhough Dan read it half an hour later, he picked me up in the middle of nowhere (that was how I felt). Also they took me out for dinner to a typical American dining place. It was my first full day in Albany and staying at Efrat and Dan's was a great experience. "
1489424,45179258,2015-08-31,32758273,Jaroslav,Staying at Efrat's place was rally great and friendly. We stayed just for one night so we did not have enough time to know each other well but we really liked it there and we could not complain at all. Thank you very much and wish you all the best. Jar & Elis :)
1489424,47765278,2015-09-21,61004,Elizabeth,Quiet neighborhood near end of cul-de-sac. Host was ready for me even though I was an hour early. Bedroom large and slept well. Had private shower bathroom. Was offered tea first evening and delicious coffee both mornings before I left for day. Everything went well. 
1489424,55724864,2015-12-05,41660558,Courtney,Efrat worked with me and made it easy for me to extend my stay at the last minute. I had full access to the kitchen and received great advice about local services. 
1489424,56263878,2015-12-11,24638444,Andy,MET Dan on arrival showed me around and he said he would be home later and was an early riser.Instructed to just lock door when I left.NEVER sleep in however to my supreme awoke to barking dog and when I pulled up shade was 10 am .Great nite sleep very pleasant neighborhood. Felt like a family friend totally had whole house to myself.Very pleasant to find people who trust in the goodness of others.If need to stay over in Albany will book adain.Namaste Andy
1489424,56501288,2015-12-14,21191421,Ron,Enjoyed staying at Dan and Efrat's home. The location was excellent and the bed was very comfortable. Dan was very helpful in finding two excellent restaurants for me and my friend.
1489424,56617058,2015-12-15,4186909,Pete,My girlfriend and I stayed at Efrat's home as we were traveling through Albany for a night. She was very helpful in helping arrange our arrival. Our travels were put at ease in the comfort and hospitality of Efrat's home. I would definitely book this again.
1489424,56893626,2015-12-19,12499511,Max,Efrat was out of town when I stayed but her husband Dan let me in the house and showed me the room. Looked exactly as on the website and in the listing. WiFi was excellent. Private bathroom with towels and shampoo provided. This is basically their house and they are happy to let you use as much as you want. I was only there 1 night so it was a quick stay. Convenient to Albany Medical Center.
1489424,57588955,2015-12-27,50816810,Donald,"This was my first experience with Airbnb.  Good communication preceded my stay, making me comfortable that my plans were synchronized with my hosts.  Upon arrival we had a nice chat and I found my accommodations quite comfortable and quiet.  Access to a private bathroom was a bonus. The neighborhood was also pleasant and convenient to my ultimate destination.  I would stay here again.  "
1489424,60230041,2016-01-20,53969295,Louise,Efrat and Dan met and welcomed me despite my late 11 p.m. arrival.  They were most helpful with local information that helped during my time in Albany.  A comfortable bed and welcoming hosts made my stay in Albany a good one.  
1489424,62479371,2016-02-14,9449634,Mariah,"Very welcoming hosts, accommodating when we had a late check in, and very cozy home. Highly recommend!"
1489424,62773488,2016-02-16,33939461,Aaron & Sarah,"We had a great experience with Efrat and Dan.  They had no problem with our late arrival, and promptly brewed some tea to help us settle in.  Our conversation was friendly and actually quite stimulating, and they helped us get our bearings to explore the area the next day."
1489424,65496607,2016-03-15,23820768,Lynn,We enjoyed our stay.  The room was as decribed and suited our needs well.  Check in was easy.   Efrat and Dan had helpful suggestions on places to eat nearby and were very interesting to talk to.  
1489424,67308576,2016-03-28,32625352,Darleen,Efrat and Dan were welcoming to their home. Efrat had good communication with us to plan our stay and they were okay with our late checkin which helped us out. Unfortunately we were so exhausted from our day we went straight to bed and but in the morning Dan was helpful with breakfast recommendations. 
1489424,67310668,2016-03-28,63818896,Garrett,Very nice people they know a lot about the community and good things to do around the Albany area  would definitely refer this place to friends and family 
1489424,74440380,2016-05-15,65208588,Tomer,Efrat and Dan are welcoming hosts. The bed was comfortable and they are both very nice.
1489424,74885525,2016-05-17,18160333,Susan,"The hosts were helpful and pleasant. They were flexible and easy to communicate with, and provided great information about local attractions, as well as places to eat. 
<br/>The neighborhood was pleasant and easily accessible to the airport.  
<br/>A good short term place to stay if your needs are closer to a hostel than a Bed and Breakfast."
1489424,75746534,2016-05-22,872433,Werner,We appreciated the quick response when we originally inquired. The location was convenient. We arrived late & left early. 
1489424,83864087,2016-07-04,81183358,Moshe,"Efrat and Dan were great hosts. They were accommodating, helpful, and very welcoming. Would stay again!"
1489424,84389194,2016-07-07,18471531,Breanne,"Efrat and Dan were very friendly. As they said they will visit with you as much or little as you would like. Got a lot of rest in their extra comfy bed. They have excellent recommendations for local eateries and books, books everywhere to read. Proximal to local buses and in a safe and quiet neighborhood this place is great.  "
1489424,85106116,2016-07-10,81710491,Mitchell,"Efrat and Dan were very welcoming and nice.  The house, while older, is well kept and is in a good neighborhood. The room was clean and comfortable."
1489424,86466505,2016-07-16,3054047,Arianne,"This was my second stay with Efrat and Dan, and honestly, I was equally as excited to see them as I was to see the people I was ostensibly in town to visit. Efrat and Dan feel like family to me and they are thoughtful, lovely hosts. The house was clean and homey as always, and this time they raised the bar by playing with my kiddos. They're fun conversationalists. You should stay here. "
1489424,87986733,2016-07-22,83924457,Heliana,Efrat and her family were really nice to us. Even though we stayed just one night we got to share some time with them. The room is clean and the bed is comfortable. 
1489424,89412228,2016-07-28,10707089,Sebastien,"Very welcoming, gave me the space I needed to do my bar prep. I had basically the basement to myself."
1489424,97792181,2016-08-28,26272790,Olin & Alilia,"It's a lovely neighborhood. We were happy Dan and Efrat openened their home to us with only a couple of days notice. We enjoyed our stay in Albany. I would stay with them again. We didn't have a lot of time to visit with them this trip. We had the basement to ourselves and I enjoyed using their exercise machine in the morning. We were able to store things in their fridge and freezer, and warm up our waffles in their toaster oven. They have a cute little free library in the front of their yard. I look forward to getting to know them better if we have an opportunity to stay in Albany again. May God bless you for your hospitality."
1489424,98360398,2016-08-30,54727266,Peter,"Such a nice place, and such nice people! Efrat was very flexible as to arrival time. The room I'd originally wanted was taken, so they offered me their palatial basement instead. The basement is large, beautiful, and extremely quiet. Efrat and Dan were also a joy to visit with, and they gave me lots of useful info about the surrounding area. Thanks so much!"
1489424,99923226,2016-09-06,15598027,Karen,"Wonderful stay with Efrat and Dan. <br/>My friend and I stayed for one night in their cozy basement. Very comfortable. Nice, clean bathroom. They setup an extra bed for us, which was great. Would definitely stay again. "
1489424,100481382,2016-09-09,55480865,Maurice,"Really enjoyed getting to know these wonderful people. The bed was comfortable. I had the whole basement to myself, which was great. They were happy to converse and hang out and I felt very at home. "
1489424,102273409,2016-09-17,31821388,Yuki,Dan was very kind and friendly. I was happy to meet him.
1489424,105641524,2016-10-02,32221193,Corey,"Efrat and Dan were great hosts, very accommodating and provided everything I needed. The neighborhood is nice and central to Albany as well. I would definitely stay at their comfortable home again.  "
1489424,107188721,2016-10-09,8997559,Alayne,Quiet and safe neighborhood. Efrat and Dan were accommodating even though we arrived a little later than we anticipated. The room is in the basement where we had our own room and own bathroom as well. We slept so well that we actually overslept the next morning! We had great conversation with Dan and Efrat as well. We will definitely be back :)
1489424,107429114,2016-10-10,48958045,Vadim,"The best thing about Efrat and Dan's place is that you get the whole bottom floor with a very specious bedroom and toilet+shower so the stay is very private. Bed feels like you're sleeping on a cloud. Efrat and Dan were very kind but we didn't get to speak to them much as we arrived late and left early. Location was easy for us (we were driving and parking is plentiful in the street but can't say how it is if you aren't driving). Ony thing to consider, which might not be OK for everyone is that you do get a sense that it is somebody's house. That is,  the area you live in is not as tidy as a museum. But it is clean, comfortable and home-like, just something to consider if you are looking for a hotel-like experience. We had a great time and definitely recommend the stay."
1489424,109443156,2016-10-21,81332720,Marilyn,"LOCATION WAS GREAT, LIKED THAT THERE WAS A BATHROOM DOWNSTAIRS. FAMILY WAS VERY FRIENDLY AND ACCOMADATING. NICE QUIET NEIGHBORHOOD"
1489424,109926373,2016-10-23,96212410,Jason,"Great place to stay in the area. Entire floor with bedroom, bathroom, and living room to yourselves."
1489424,121698052,2016-12-18,104279343,Valerie,We really enjoyed staying here. We were able to pick up the key at our convenience so we could come and go as needed. Efrat  and Dan were very welcoming and had no problems with us bringing our 9 mo old son. We had the whole bottom level to ourselves which included a bathroom and living area. 
1489424,128648804,2017-01-26,96331345,Evan,Had a great stay. Very nice and welcoming. Would definitly stay again
1489424,133426678,2017-02-22,61926277,Alen,Everything was perfect!
1489424,141726667,2017-04-04,101422922,Robin,"Nice, accommodating, and wonderful family. A nice private space. Thanks for the great stay. "
1489424,150341646,2017-05-07,32221193,Corey,"A lively stay in the heart of Albany. Everything you'd want is nearby like malls, some outlets, diners and the University. I hope you enjoy your stay as much as I did mine! "
1489424,163715741,2017-06-25,3054047,Arianne,They're awesome; loved our visit; can't wait to book with them again next time we're coming through.
1489424,165648709,2017-07-01,3054047,Arianne,"Efrat and Dan are the best. Their house is my second home when visiting my family in Albany. They are dependable and friendly, and always up for a sharp, meandering chat--though also just as happy to let us go to bed early. They are also fantastic with children, and truly enjoy them. Stay here!"
1489424,174957588,2017-07-27,73614907,MinKyu(Andrew),Very friendly and accommodating place. You get to use an entire floor and a separate restroom. Highly recommended. 
1489424,178525635,2017-08-05,26581774,Laura,"Very communicative, welcoming and hospitable. Efrat even made me espresso in the morning! Would recommend."
1489424,189702313,2017-09-02,142006375,Miranda,Extremely nice couple; Efrat talked to us when we got there and genuinely wanted to know about our trip and what we did in life.  Dan offered to make us coffee in the morning.  Very cozy and nice room.  Let us into their home even when they weren't home and gave us a house key to come back when we needed to.  No complaints at all.
1489424,190148326,2017-09-03,22523041,Jacques,Ma femme et avons bien aim√© l'accueil de Dan et Efrat. Le lit est tr√®s confortable. L'emplacement est tr√®s bien car c'est tout pr√®s de l'autoroute.
1489424,196545289,2017-09-23,108046977,Jing,"It's very close to SUNY. House is clean, and hosts are friendly and nice. Great!"
1489424,198499635,2017-09-29,111328963,Nathan,"The house was very easy to find and right off the highway and close to the airport if you find yourself flying to or from Albany NY. They were very gracious and let us check-in late in the evening. There was fresh sheets on the bed, fresh towels and a hot shower. I would highly recommend to stay there if you are in the area."
1489424,201562507,2017-10-08,56877591,Dana,Efrat and Dan were lovely hosts! My roommates and I felt at home even during our short trip to Albany. They are both incredibly easy to talk to and provided great recommendations for us as well. Their home is very spacious and the neighborhood is quiet and peaceful. We'll definitely be back!
1489424,202969011,2017-10-13,57765950,Ebru,Efrat's place is very nice to stay. The room was clean and spacious. I would love to stay here again if I visit Albany.
1489424,203663421,2017-10-15,34394725,Jamie,"It was really nice to have the whole basement to ourselves with a room, tv and private bathroom. I would recommend this place to anyone who needs a place in Albany."
1489424,205709561,2017-10-22,39138801,Sunny,Efrat & Dan are lovely hosts & the room is in the basement which offers privacy from the rest of the house with your own bathroom & shower!... a definite plus!...this is an ideal location for visiting the university of Albany!!.. ps. Dans Turkish coffee is great!!üëç
1489424,213057713,2017-11-19,54929372,Lanisha & Alexander,"Efrat and Dan are wonderful hosts. Quick to respond, considerate and very relaxed. I definitely would come back."
1489424,216343449,2017-12-03,159120951,Andu,Great stay
1489424,250587632,2018-04-05,174543688,Sahar,Very welcoming and helpful recommendations for restaurants.
1489424,258669341,2018-04-29,5278665,Dan,Efrat and Dan are very easy going hosts and excellent communicators. Their home is nice and quiet and private. Good value.
1489424,266712661,2018-05-20,25132813,Eunhyoung,"Nice location, private space (entire basement is yours), easy parking, and kind hosts. Considering the price, it was very good."
1489424,274592087,2018-06-09,20134899,Michael,Good value
1489424,276043832,2018-06-12,115567352,Adam,Awesp. E. 
1489424,276380147,2018-06-13,189084007,Brent,"Very personable host, great value place."
1489424,283295190,2018-06-29,191940109,William,"Nice neighborhood. Very quiet. Very clean. Perfect stop for us to rest up after along drive. Slept like a baby in that bed, very comfortable. Had the whole basement floor to ourselves. Thanks Efrat."
1489424,290001118,2018-07-13,88930647,Annika,"We stayed with Efrat and Dan for 3 nights, and they were great hosts. They were very flexible with our check-in and check-out times, which helped us a lot. The space was really nice, we had the whole basement to ourselves, and the bed was very comfortable. Talking to Efrat and Dan about their travels and interesting lives was a delight! They are very caring and considerate hosts. Would definitely recommend!"
1489424,291856941,2018-07-16,201630421,Rick And Chris,"Comfortable bed, great tv and wifi, personable hosts.  Located in basement."
1489424,296815166,2018-07-26,55838445,Nicolas,"Efrat's place is awesome and is really comfortable. Also, they are really good hosts, I enjoy my time there."
1489424,301645656,2018-08-04,140538073,Dor,Great and large space - a whole private floor.<br/>Efrat was very nice and welcoming!
1489424,302470652,2018-08-05,127599762,Joseph,Efrat was an extremely gracious host. My wife and infant son both had plenty of room and Efrat supplied a comfortable place to stay. Thank you so much for welcoming us into your home. 
1489424,308076329,2018-08-15,207420692,Alex,"It is a very quiet place, clean, it is perfect to take a few days of rest! thank you for booking us at home"
1489424,309037714,2018-08-17,206296112,Nachuan,"good place, nice owner"
1489424,310385813,2018-08-19,194949694,Joanie,"Pros: nice hosts, good location, comfy bed, large room <br/>Cons: the space needs some work/updating/deep cleaning "
1489424,311155760,2018-08-20,22907985,R√≥mulo,One of the best Airbnb experiences I have ever had thank you very much efrat
1489424,311569866,2018-08-21,45100854,Will,Efrat greeted us when we arrived and was very friendly. Her place was cozy and she gave us great suggestions for what to do in the town. Would recommend! 
1489424,312472157,2018-08-23,2464320,Judy,"this is a very quiet, clean and cozy place.  the bed is very comfortable.  it's on a quiet residential area but easy access to 85.  the hosts generously share their kitchen with guests.  we felt right at home to do whatever we needed in the kitchen.  the hosts are warm and welcoming but no pressure to interact.   "
1489424,317681324,2018-09-02,212647472,Marcelita,What a wonderful respite in a quiet section of Albany! Both Dan and Efrat were so accommodating despite our late arrival. The basement room was well-lit and had comfortable bedding. There was a tv in the cozy living space that we didn't get a chance to use. The water pressure in the shower was enough to wash away the stresses of traveling all day. I would book again if I was in the Albany area! Also grabbed a souvenir from the free library stand that's right outside their house.
1489424,327241618,2018-09-23,212522235,Kirstie,Efrat and Dan are such wonderful people. They make you feel at home. Definitely recommend!
1489424,329334131,2018-09-28,175335571,Mark,The host are very friendly and the space is very large
1489424,337197400,2018-10-15,181447880,Eugenia,Efrat and Dan are wonderful hosts that are extremely easy to communicate with. The location is prime and Efrat gave great tips on what to see and do.
1489424,337507687,2018-10-16,215432204,Lisandros,Floors are thin. You can hear every footstep taken upstairs. But other than that pretty good
1489424,337795441,2018-10-17,114413526,Bill,Excellent room and living space and the hosts were very friendly and easy to work with. Highly recommended!
1489424,347539777,2018-11-11,6962005,Zach,A nice place and a warm home to stopover or stay in Albany. A kind family that really embraces hospitality.
1489424,350118051,2018-11-18,31000472,Michael,"Such amazing hospitality! Efrat was very flexible and understanding when it came to my check in time. Check in was easy and quick -- the space is the basement of their home (enter the main house and through the kitchen and into the basement). The space is totally private, with a couch and TV. The room was spacious and the bed was comfy and warm. Really great value!!"
1489424,358479793,2018-12-14,9188955,Stephen,Great space in a good location. Very good value. Amazing hospitality. Really enjoyed my stay.
1489424,417819553,2019-02-28,134878785,Mark,"Hospitable, quiet and good location"
1489424,419216589,2019-03-03,116304393,Sue,"Expect a warm welcome to a calming, homey environment...like visiting a cousin's place. After listening to our questions about local eateries & route suggestions, they were pleasantly answered with Dan""s & Efrat's knowledgeable insights of the Capital District. We shared conversation about our hobbies (bicycling, visiting breweries, etc) & learned of (unexpected) nearby bike-friendly trails, paths & brew pubs that may factor into future trips to the area."
1489424,427001895,2019-03-22,107272834,Karl,"The host was really kind and polite. They room was really nice and clean, and provided small amenities that I forgot like a towel and soap and shampoo for the shower."
1489424,448858460,2019-05-05,16644850,Hannah,"Very welcoming, nice space, and flexible about check-in."
1489424,455451755,2019-05-19,102655304,Chetan Sai Kumar,"Great stay! The place was lovely, clean and comfortable. Good location as well."
1489424,461487782,2019-05-31,5067246,Laleh,Efrat and Dan were great host! Very friendly and nice. We had great conversations. They even shared their home brewed beer.
1489424,511666084,2019-08-17,198490128,Joe,"Efrat and Dan are the nicest people you could hope to meet. I spent my summer with them here, and I couldn't have asked for anything more. It was perfect. If you are considering booking here, absolutely do, you won't regret it."
1489424,515831598,2019-08-23,198075209,Daniel,"Very clean place, comfortable, very quiet and far from the noise. I recommend this place if you want to have a good rest."
1489424,522646562,2019-09-02,286739421,Megan,"What a comfortable and relaxing place to stay while in Albany! Efrat and Dan were outstanding hosts who went above and beyond to make sure we were comfortable. Dan‚Äôs home brewed beer was delicious! They recommended several great restaurants and we had some wonderful conversation. This family is so flexible, generous, and kind. I would recommend this home to anyone staying in Albany!"
1489424,527726774,2019-09-11,34659475,Sharath,Efrat et Dan √©taient des h√¥tes formidable. Je reviendrais ici.
1489424,530156487,2019-09-15,73201668,Juan,Very nice quiet neighborhood.
1489424,534501340,2019-09-22,151399161,Don,Nice very comfortable loved having the entire lower floor to myself
1489424,550239168,2019-10-18,34108267,Michael,You simply can't beat this price and location. And I loved the basement solitude with a great collection of books attached!
1489424,563968877,2019-11-14,296552050,Mary,Private space with your own bathroom. Interesting conversation as well
1489424,569764488,2019-11-27,226887012,Eric,Efrat and Dan are wonderful hosts!  It was a pleasure meeting them and I look forward to staying in their home again in the future.
1489424,581292873,2019-12-24,35336198,Brian,Cozy place to spend the night with knowledge folks.
1489424,600397161,2020-02-01,137398291,Mark,Great spot!
1489424,675290372399504524,2022-07-20,470233388,Jennifer,Warm and welcoming couple. Good conversations. Private and quiet space.
1489424,682533242175841563,2022-07-30,418442234,Nolita,Wonderful couple to spend a few days with.
1489424,684738602508149476,2022-08-02,129172443,Jose,Great place to stay. The listing was accurate and the room was very comfortable.
1489424,693464346520240355,2022-08-14,91279490,Shantanab,"Efrat has an amazing place and is an awesome host! the photos don't do justice to the place, it's a really great place with good amenities for the price! Efrat is really friendly and was very helpful!<br/>P.S. You'll like the room even more if you're a Beatles fan :)"
1489424,700673922909070141,2022-08-24,904918,Jeanne,"Great option in the Albany area!  We loved having the basement to ourselves including a TV, couch, bathroom and 2 bedrooms, one with a desk that I spent unfortunately too much time at (working).  We didn't meet Efrat this time but her husband was so helpful and recommended a new south Indian (dosa) restaurant a 5 minute drive away and we loved it.  And generally it was just comfortable and they are very nice, we were up for a college tour and the drive was 20 minutes to the school, perfect distance!   Bed was comfortable, shower was good - thank you!"
1489424,703563317253092323,2022-08-28,260666397,Roni,"I wish I can rate more stars. I usually travel on business so im always looking for a calm quite place and this was it. This is by far the greatest Airbnb experience I‚Äôve ever had! I have to say I‚Äôve never felt more welcomed into anyones‚Äôs home like I did when I stayed at Dan and Efrat‚Äôs home.<br/> I met Dan during my stay and he is a very kind and great person. I am grateful to have stayed in their home. Overall, I highly recommend booking if you are visiting Albany and in search of a quiet tranquil place."
1489424,706509456306491257,2022-09-01,195251471,Valerie,Great value and kind people :) <br/>Thank you
1489424,707979583911533842,2022-09-03,415821287,Virginia Ann,"Efrat""s place is very much like ""home"".   The house is near the end of a deadend street which makes for a quiet and peaceful environment.  The accommodation  is spacious and comfortable.   The house is easy to find; it is convenient to the center of Albany  and the city's  numerous opprotunites  for shopping and fine dining . Efrat is a friendly and welcoming person.  I highly recommend Efrat's place, and I look forward to staying there when I am again in Albany."
1489424,715933117750745588,2022-09-14,80084157,Raman,"We would like to thank Efrat and Dan for a wonderful experience at their lovely home. They were very kind, accommodating, and gracious hosts. We stayed with them for 2 consecutive weeks, and during that time, had to check out late due to work situations. Efrat was very accommodating and kind. <br/>We appreciate Efrat and Dan's efforts in getting to know us and our personal interests, as it contributed to a warmer and welcoming atmosphere. Their kindness and hospitality will not be forgotten!  Best wishes to Efrat and Dan from me and  my daughter  !!"
1489424,718850057145744903,2022-09-18,55122045,Brittany,"great stay. The bed was comfortable, the space was private and quiet. the hosts were so welcoming. check-in was easy. Parking was easily available. Overall a fantastic experience with this place, would recommend it and I would stay again"
1489424,720226911560876525,2022-09-20,263938267,Soraya,great place really confortable with our own bathroom. They are really nice. We'll Booked again if we come to Albany again.
1489424,721674603580740923,2022-09-22,8277390,Jennifer,"Very pleasant stay. Nice hosts,comfortable bed."
1489424,727542423132146887,2022-09-30,40733718,Renfeng,"very private, large space, have entire basement to yourself. clean and quiet.  very comfortable bed.  highly recommended"
1489424,731102874927940096,2022-10-05,414682721,Sue,"Wonderful place to stay. Had a great night‚Äôs sleep on the comfortable bed! Plenty of extras - lots of space, extra blankets and pillows, private use of bathroom, desk in the room. Would recommend this friendly host and this space!"
1489424,734087993580877426,2022-10-09,100912183,Corey,Quiet and private basement. Nice neighborhood and close many restaurants and venues.<br/>Dan and Efrat are great hosts and very helpful with local recommendations.
1489424,735438116823085039,2022-10-11,408815,Rayanne,The apartment was very clean and comfortable. It included the use of a washer and dryer which was an added bonus for us. There were games and books if you needed something to relax with. The family was very friendly and made us feel welcome. Great place to stay if you are in the area.
1489424,736976652995074729,2022-10-13,55122045,Brittany,"always a pleasure staying here. clean, comfortable, and private. they are easy going and extremely accommodating. would stay here again."
1489424,742013319498098091,2022-10-20,1923746,'Dorine,We arrived late and left early in am due to our schedule - this was fine for a quick nights sleep
1489424,747123279006005191,2022-10-27,335157870,Andreas,Great place to stay in the Albany area! Will be staying here again.
1489424,748551708243362064,2022-10-29,481806011,Gunter,Great place to stay. The people are very friendly and have a good room in their basement.
1489424,754322586811871003,2022-11-06,485727913,Israt,Great üòä
1489424,758767554095574838,2022-11-12,76196275,Jessilynn,"We showed up later in the evening and notified Efrat at the time that we would be showing up late. They were very understanding, and had no problem with late check-in. They met us at the door and introduced us to the family. Very comfortable and warm household. They gave us recommendations for breakfast the next morning(bagel place was delicious!). We were only passing through for the night, but we would‚Äôve been more than comfortable staying longer."
1489424,772458963869017238,2022-12-01,484004173,Sunil,Great host!!!
1489424,781154996751677984,2022-12-13,335157870,Andreas,"Great place to stay in Albany! I stayed here when I had an exam. The hosts were extremely kind and welcoming, and had shared their dinner with me when I came back. I would definitely stay here again!"
1489424,788458965783541347,2022-12-23,69007841,Camilo,"My family and I are very grateful with Efrat. He and his wife are very friendly. <br/>Besides, the place is perfect to rest. It is big, comfortable and private. <br/>We definitely recommend it!"
1489424,793535963248651314,2022-12-30,114235885,Susie,You‚Äôll feel right at home. I stayed there twice with my young child.
1489424,796379876538434691,2023-01-03,114235885,Susie,You‚Äôll feel at home. Efrat and Daniel are great hosts. I stayed with my young kid and was grateful for the warm reception and also the privacy. I booked their home again on our return trip.
1489424,818146090615116726,2023-02-02,414682721,Sue,"Had a great stay here!  The space is generous, with a bathroom just for the guests.  Very comfortable bed, quiet and private."
1489424,820351624838032114,2023-02-05,24583585,Helen,"Huge, private space in a quiet neighborhood. Easy access to downtown (what in for a concert at The Egg) Very caring hosts as they dealt with power/water issues 'caused by frigid temps (all resolved!)<br/>Enjoyed talking sports w. Efrat. NCAA regionals anyone? :-)"
1489424,830531386051165880,2023-02-19,80750364,Jie,I spent two weeks here. Definitely a GREAT place! I'm so glaaaaaaad to find this sweet spot. Would recommend this place to anyone who needs to stay near UAlbany for a while. Thanks again for the wonderful hosting.
1489424,833431690182794013,2023-02-23,23283940,Shuying,Very cozy and spacious place. There are lots of toys for my daughter to play with. It is very convenient if you have a car. About 12 minutes to Albany downtown.
1489424,838439038358607900,2023-03-02,148582705,Billy,You won‚Äôt find a better deal than this.
1489424,840651619578735239,2023-03-05,177265657,Guillaume,Match with the description.<br/>Very nice place.
1489424,852190883908047841,2023-03-21,51412406,Akshatha,"Efrat and Dan were very good hosts, but my plans changed multiple times due to the snowstorm, and they accommodated my change requests. Their communication was very clear. I had to arrive late at night, and they accommodated my request and were waiting for me too. <br/>Dan and Efrat are well-traveled and have such worldly knowledge that you will learn a lot by talking to them. Albany is very charming, and their place is so peaceful. I had a very good stay. They give you privacy if you want, and if you want to chat in the evening, they are very welcoming. I would definitely stay here again if I came to Albany. They are very responsive hosts; if you see this place in the listing, do take up on it. You will have a delightful stay."
1489424,855135161762012442,2023-03-25,335157870,Andreas,My third stay here at Efrat's in Albany - just as good as my other two stays! Great location and value in the area.
1489424,858041726862868146,2023-03-29,40733718,Renfeng,"super friendly host, this is second time of staying.  good as usual,  a lot of privacy with the whole unit to yourself. easy to communicate.  bed is comfortable.  will definitely stay again next time."
1489424,868102047899957275,2023-04-12,494557010,Jodi,"My daughter and I had a great night's stay. Efrat was great with communication and she, along with her husband Dan, gave us a warm welcome. Accommodations were just what we needed and we felt very comfortable in their home."
1489424,892744932787189121,2023-05-16,419008407,Carmel,"My wife and I had a great and comfy stay at Efrat's house. <br/>She accommodated an early check-in for us and was home to welcome and show us everything in the house. <br/>We enjoy discussing with Efrat and her husband in the kitchen, from our culture to theirs, to our respective families, hobbies and other activities. We were welcome to use everything in their kitchen, including the most varied selection of spices I've ever seen. <br/>Efrat and her husband were even so kind that they offered us a ride to the bus terminal. They are welcoming and friendly with guests.<br/>I highly recommend their place, and it is my first choice BnB in Albany from now on."
1489424,896412361610411721,2023-05-21,157261216,Claude,The hosts were extremely nice.  We would certainly come back.
1489424,899266263277329668,2023-05-25,110927363,Barbara,"We had a very comfortable stay with great, friendly hosts<br/>who were so helpful with local things."
1489424,903639533979354174,2023-05-31,40733718,Renfeng,"This is 4th time staying, same as before, comfortable, private.  Comfortable bed.  <br/>Will stay in future again."
1489424,905080820691419553,2023-06-02,296934731,Ilohann,"Nous avons pass√© un tr√®s beau moment, merci √† ces deux jolis humains pour leur hospitalit√© et leur gentillesse"
1489424,906551130674365147,2023-06-04,159861853,Max,"Efrat and David were most welcoming and helpful with every aspect of the stay, as well as flexible. Highly recmended for anyone who wants a secluded spot within arms reach of downtown Albany and the University"
1489424,920341756572405897,2023-06-23,76248242,Margaret,I felt right at home at Efrat‚Äôs place. Cozy and clean ‚ù§Ô∏è
1489424,922484748628185516,2023-06-26,104875301,Trevyn,"A great place to stay in Albany that was close to a lot of things and in a great, safe neighbourhood"
1489424,924622169381137280,2023-06-29,190653,Andrea,Comfy and clean -very nice couple
1489424,926161012309503379,2023-07-01,943095,Talia,Very clean and private. Would recommend!
1489424,929737964462098897,2023-07-06,468766771,Madeline,Very comfortable and cozy stay while passing through Albany. Thank you so much Efrat and Dan!
1489424,932580114394701564,2023-07-10,33870508,Sha,"Conveniently located in a quiet neighbourhood, this place has easy access to Albany city center. It‚Äôs spacious and has all the necessities."
1489424,942016940153944441,2023-07-23,40035905,Professor Jan,"This was the absolute best Airbnb stay ever, take it from Professor Jan, who has stayed in about 100 Airbnb locations! The hosts are so kind, brilliant, the space is just huge, super clean, accommodating, I can't wait to return to Efrat's and Dan's home! Their kindness and generosity made my stay even more perfect. The location is central to everything, Albany and more. Easy to reach my visit to Saratoga / SPAC.  Those reading this, don't hesitate a moment to reserve your stay at this fantastic Airbnb home."
1489424,945730812224933313,2023-07-28,363655641,S J,"We enjoyed our stay at Efrat's place in Albany.  The location was perfect - centrally located and in a nice, quiet residential neighborhood. The house was spacious and our stay was relaxing, comfortable and enjoyable."
1489424,955062966269166259,2023-08-10,14112087,Claudia,"Beautiful house in a quiet street in Albany! <br/>We only stopped for one night on our trip to Canada, Efrat and her husband were friendly and very responsive. The bedroom is in the basement, so you have a lot of privacy, a private bathroom and a room with TV. We used the fridge to store our breakfast, and there is plenty of space for parking.<br/>We definitely recommend!"
1489424,957220544846730053,2023-08-13,38972906,Fr√©d√©ric,"Efrat is a very good host. Him and his wife are very kind person. The place is confy and clean, I recommend."
1489424,959489602178180017,2023-08-16,519559248,Rafia,it was great staying there.
1489424,961646136111684827,2023-08-19,186290608,Nathalie,"Efrat and Dan are lovely people. <br/>They welcomed us very well and were very nice with us. It is obvious they enjoy welcoming and meeting people.  <br/>They made us feel comfortable and welcome<br/> <br/>The bedroom was spacious, clean and comfortable and we enjoyed our short stay there. <br/>Would recommend"
1489424,962381445274128772,2023-08-20,532260247,Nathan,"Efrat and her husband were absolutely lovely! They make you feel right at home, they‚Äôre very friendly, and they offer a very flexible check-in/out. If I‚Äôm ever in the area again I‚Äôll definitely go back!"
1489424,963039723345569124,2023-08-21,8386619,Anna,"Albany √® stata la prima tappa del viaggio on the road nello stato di NY, e abbiamo passato una notte da Efrat. Ottima accoglienza, stanza pulita e ordinata. √à stato bello fare colazione con Dan e fare quattro chiacchiere."
1489424,965938988600403138,2023-08-25,81487579,Sylvia,"We stayed at Efrat‚Äôs place as we were attending family orientation at RPI. A very easy ride to Troy. Efrat‚Äôs  place is just as described. Very nice, safe, peaceful neighborhood. Efrat and her husband Dan were very friendly hosts. Definitely recommend and we will keep it in mind next time we‚Äôre in the area."
1489424,977540472007940510,2023-09-10,377712689,Brooke,Thank you for letting us stay in your home! We enjoyed the breakfast recommendation before heading to our next destination üòÅ
1489424,979060841905380419,2023-09-12,117475502,Brooke,Very welcoming. Easy communication and check in. Comfortable and affordable stay.
1489424,979753253589026714,2023-09-13,530935372,Robert,"Comfortable, quiet, friendly and reasonable. Exactly what I needed."
1489424,980435624781880132,2023-09-14,497051486,Jakob,Nice room and Dan + Efrat are friendly.
1489424,983407584558975159,2023-09-18,439509086,Jay,"Super happy to have found this budget friendly place in a quiet neighborhood. They had 2 comfy beds in the room, but the smaller bed had an extra plushy topper that made it feel like sleeping on a cloud.  I also appreciated the warm fuzzy blanket that was made available to me.  The hosts were the by far the most easy going in my travels; talking to Dan felt more like talking to a good buddy I‚Äôve known for years rather than a stranger.  iWould stay here again."
1489424,985519053314479940,2023-09-21,368520329,Praful,Great stay. Entire basement is ours. There‚Äôs a living room with tv and bedroom is very spacious.
1489424,986248906927641052,2023-09-22,221757460,Matarr,They are very friendly n helpful. You feel welcome at home. I felt so comfortable.
1489424,1006608139300368382,2023-10-20,404475920,Tyrese,"Efrat and Dan are wonderful host. Their place is comfortable, peaceful, spacious, and close by the University at Albany which make makes a great place for students attending. I felt right at home, i would recommend anyone to book with then if you plan to be in the area!"
1489424,1007960795949118699,2023-10-22,439567460,Ty,Very kind and understanding
1489424,1009418230682409432,2023-10-24,224164515,Alberto,"Todo bien, fue una estancia corta para descansar una noche y darme una ducha, a√∫n as√≠ tuve oportunidad de charlar un poco con los anfitriones los cuales fueron muy amables. Lugar amplio y c√≥modo, zona tranquila, perfecto para reponer fuerzas durante tu viaje."
